{
  "label":"receptor",
  "version":"0.0.1",
  "header":{
    "display":true,
    "datas":{},
    "nav_left":[
    ],
    "nav_right":[
    ],
    "tab_bar______":[
    ]
  },
  "footer":{
    "display":false,
    "type":"tabs",
    "datas":{
      "control":"receptor.tabs",
      "tabs":[
        {"label":"link 1", "link":"/link", "icon":""},
        {"label":"link 2", "link":"/link", "icon":""},
        {"label":"link 3", "link":"/link", "icon":""}
      ]
    }
  },
  "content":{
    "display":true,
    "uri":"receptor.tmpl",
    "datas":{}
  },
  "class":"receptor",
  "dependencies":{
    "css":["receptor.css", "confettis.scss"],
    "js":[]
  }
}
